标题,作者,状态,创建时间,发布时间
关于Q+,admin,1,2019/3/25 14:10,2019/3/25 14:09
2010年荣获时尚家居十大明星室内设计师,admin,1,2019/3/25 15:00,2010/11/24 14:59
2011年弘阳杯设计作品大赛，被评为最佳空间设计奖,admin,1,2019/3/25 15:07,2011/6/24 15:07
2014年度国际空间设计大奖――艾特奖，最佳办公空间设计提名奖,admin,1,2019/3/25 15:20,2015/3/25 15:19
2014“简一杯”中国（南京）室内设计总评榜  ：年度办公空间设计奖,admin,1,2019/3/25 15:20,2014/8/25 15:20
2015年“世家屋杯”中国（南京）室内设计总评榜,admin,1,2019/3/25 15:21,2015/4/25 15:20
2015”金堂奖“中国室内设计年度评选,admin,1,2019/3/25 15:21,2015/10/25 15:21
2015年度国际空间设计大赛――艾特奖，最佳办公空间入围奖,admin,1,2019/3/25 15:21,2015/12/25 15:21
2009 年度获广东装饰设计行业“岭南杯” 铜奖,qjadmin,1,2019/4/3 10:35,2009/4/3 10:35
2008 年度中国（深圳）国际第四届室内设计文化节获银奖,qjadmin,1,2019/4/3 10:35,2008/5/3 10:35
第七届筑巢奖  ：餐饮空间优秀奖,admin,1,2019/3/25 15:22,2010/8/5 15:22
2016年入围新浪家居――中国（南京）室内设计新势力榜,admin,1,2019/3/25 15:22,2016/6/25 15:22
作品入选2016/2017中国室内设计年鉴,qjadmin,1,2019/3/30 20:21,2018/3/30 20:20
黄山澍德堂荣获2017艾特奖金奖,qjadmin,1,2019/3/30 20:22,2017/6/30 20:21
暖山町获2018Top50中国民宿大奖,qjadmin,1,2019/3/30 20:23,2018/12/30 20:22
2018年广州设计周40UNDER40设计杰出青年,qjadmin,1,2019/4/3 10:31,2019/2/3 10:28
2018年光华龙腾奖十大杰出青年提名奖,qjadmin,1,2019/4/3 10:32,2019/1/3 10:31
2018年第八届中国国际空间设计大赛银奖,qjadmin,1,2019/4/3 10:32,2019/1/3 10:32
2018第十届祝融奖办公空间一等奖,qjadmin,1,2019/4/3 10:33,2019/2/3 10:32
2017年艾特奖别墅空间入围奖,qjadmin,1,2019/4/3 10:33,2017/5/3 10:33
2016年第八届祝融奖全国总决赛会所空间银,qjadmin,1,2019/4/3 10:34,2016/4/3 10:33
2011 年获亚太室内设计精英邀请赛优胜奖,qjadmin,1,2019/4/3 10:34,2011/6/3 10:34
2010 年获广州设计周&quot;金羊奖.新锐杯&quot; 季军,qjadmin,1,2019/4/3 10:35,2010/7/3 10:34
设计100大中华区：十佳设计师（餐饮空间奖）,admin,1,2019/3/25 15:23,2010/3/25 15:22
梧桐说,admin,1,2019/3/25 17:17,2019/3/25 17:11
三度修炼,admin,1,2019/3/25 18:13,2019/3/25 18:08
洁,qjadmin,1,2019/3/25 18:53,2019/3/25 18:53
桐事汇养身火锅 ,qjadmin,1,2019/3/28 9:29,2019/3/28 9:20
彰泰伴山庐售楼处,qjadmin,1,2019/3/25 18:55,2019/3/29 13:30
我的童年,qjadmin,1,2019/3/29 15:10,2019/3/29 15:05
在楠京养生火锅,qjadmin,1,2019/3/29 15:20,2019/3/29 15:12
刘波 | 中国室内设计新势力榜,qjadmin,1,2019/3/29 15:23,2019/3/29 15:22
空间设计室招聘,admin,1,2019/3/25 19:31,2019/3/25 19:30
室内设计师,admin,1,2019/3/25 19:32,2019/3/25 19:31
空间设计师,admin,1,2019/3/25 19:33,2019/3/25 19:32
室内建筑设计师,admin,1,2019/3/25 19:33,2019/3/25 19:33
服务招聘页面信息,admin,1,2019/3/26 15:31,2019/3/26 15:30
深圳美百年文创会所-东方轻盈灰,qjadmin,1,2019/3/26 17:28,2019/3/26 17:23
上海Q+设计,qjadmin,1,2019/4/1 11:38,2019/4/1 11:37
爱丽宫珠宝定制,qjadmin,1,2019/3/28 23:09,2019/3/28 23:06
川坝子火锅,qjadmin,1,2019/3/28 23:13,2019/3/28 23:09
阿旗刷羊,qjadmin,1,2019/3/28 23:05,2019/3/28 22:58
2015水木清华杯银奖,qjadmin,1,2019/3/30 20:17,2015/3/30 20:15
2016深圳室内设计周大中华区十佳设计师 广州设计周（中国）室内设计杰出青年,qjadmin,1,2019/3/30 20:19,2016/5/30 20:18
2016作品获艾特奖,qjadmin,1,2019/3/30 20:20,2016/7/30 20:20
冠亚宽庐独栋别墅,qjadmin,1,2019/3/28 10:00,2019/3/28 9:36
冠亚宽庐双拼别墅,qjadmin,1,2019/3/28 10:11,2019/3/28 10:06
彰泰滨江学府,qjadmin,1,2019/3/28 10:21,2019/3/28 10:13
小灶王,qjadmin,1,2019/3/28 23:15,2019/3/28 23:13
暖山町,qjadmin,1,2019/3/28 23:17,2019/3/28 23:15
净隅茶舍,qjadmin,1,2019/3/28 23:19,2019/3/28 23:17
老凤祥珠宝博物馆,qjadmin,1,2019/3/28 23:21,2019/3/28 23:19
半亩田民宿,qjadmin,1,2019/3/28 23:23,2019/3/28 23:21
自然道成会所,qjadmin,1,2019/3/28 23:25,2019/3/28 23:23
扬州美居,qjadmin,1,2019/3/29 12:44,2019/3/29 12:44
常州莱蒙会所,qjadmin,1,2019/3/28 23:30,2019/3/28 23:28
大华锦绣海岸叠墅,qjadmin,1,2019/3/28 23:33,2019/3/28 23:30
上海古北办公室,qjadmin,1,2019/3/28 23:35,2019/3/28 23:33
广州德壹酒店,qjadmin,1,2019/3/28 23:37,2019/3/28 23:35
港邑翡翠珠宝店,qjadmin,1,2019/3/29 9:22,2019/3/29 9:21
设计师的根据地,qjadmin,1,2019/3/29 9:34,2019/3/29 9:22
维多利亚高级美发会所,qjadmin,1,2019/3/29 9:35,2019/3/29 9:34
雨的故事--金色池塘大酒店,qjadmin,1,2019/3/29 9:37,2019/3/29 9:35
杭州钱塘江新城美居,qjadmin,1,2019/3/29 13:14,2019/3/29 13:06
2008“鹏城杯” 会所空间设计大赛荣获铜奖,qjadmin,1,2019/4/3 10:36,2008/4/3 10:35
王五平,qjadmin,1,2019/3/29 22:01,2019/3/29 21:59
唐建祥,qjadmin,1,2019/3/29 22:15,2019/3/29 22:14
上海Q+设计,qjadmin,1,2019/4/1 11:40,2019/4/1 11:38
上海Q+设计,qjadmin,1,2019/4/1 11:41,2019/4/1 11:40
南京Q+设计,qjadmin,1,2019/4/1 11:46,2019/4/1 11:45
南京Q+设计,qjadmin,1,2019/4/1 11:46,2019/4/1 11:46
南京Q+设计,qjadmin,1,2019/4/1 11:48,2019/4/1 11:46
深圳Q+设计,qjadmin,1,2019/4/1 11:49,2019/4/1 11:48
深圳Q+设计,qjadmin,1,2019/4/1 11:50,2019/4/1 11:49
合肥Q+设计,qjadmin,1,2019/4/1 11:51,2019/4/1 11:50
合肥Q+设计,qjadmin,1,2019/4/1 11:52,2019/4/1 11:51
合肥Q+设计,qjadmin,1,2019/4/1 11:52,2019/4/1 11:52
昆明Q+设计,qjadmin,1,2019/4/1 11:53,2019/4/1 11:52
昆明Ｑ+设计,qjadmin,1,2019/4/1 11:55,2019/4/1 11:53
昆明Q+设计,qjadmin,1,2019/4/1 11:56,2019/4/1 11:55
扬州Q+设计,qjadmin,1,2019/4/1 11:57,2019/4/1 11:56
扬州Q+设计,qjadmin,1,2019/4/1 11:57,2019/4/1 11:57
扬州Q+设计,qjadmin,1,2019/4/1 11:58,2019/4/1 11:57
深圳Q+设计,qjadmin,1,2019/4/1 12:01,2019/4/1 12:00
邹俊波,admin,1,2019/3/29 15:43,2019/3/29 15:39
荣获大中华区十佳设计师（商业空间）,admin,1,2019/3/29 15:43,2017/3/29 15:39
赖伟成,admin,1,2019/3/29 15:44,2019/3/29 15:43
荣获中国室内设计金堂奖年度十佳（休闲空间）,admin,1,2019/3/29 15:44,2016/10/29 15:43
荣获中国人生活方式昆明十大设计师,admin,1,2019/3/29 15:45,2018/11/29 15:44
荣获2016年中国室内设计新势力榜,admin,1,2019/3/29 15:46,2016/5/29 15:45
荣获2016年台湾六艺奖两岸设计星锐人物奖,admin,1,2019/3/29 15:46,2016/3/29 15:46
荣获2016年台湾六艺奖创意空间设计奖,admin,1,2019/3/29 15:47,2016/11/29 15:46
荣获2017年国际室内设计节“金外滩”奖（商业空间）,admin,1,2019/3/29 15:47,2017/7/29 15:47
荣获2018年华语设计领袖榜卓越设计人物奖,admin,1,2019/3/29 15:48,2018/10/29 15:47
胡迪,admin,1,2019/3/29 16:14,2019/3/29 16:12
刘波,admin,1,2019/3/29 16:15,2019/3/29 16:14
